Jptest28,Jptest123,Jptest123,test,user28,testuser1@gmail.com,1234567917,"SR Nagar, Hyderabad","Madhapur, Hyderabad",Hyderabad,TG,560070,India
Jptest29,Jptest123,Jptest123,test,user29,testuser1@gmail.com,1234567918,"SR Nagar, Hyderabad","Madhapur, Hyderabad",Hyderabad,TG,560071,India
Jptest30,Jptest123,Jptest123,test,user30,testuser1@gmail.com,1234567919,"SR Nagar, Hyderabad","Madhapur, Hyderabad",Hyderabad,TG,560072,India
Jptest31,Jptest123,Jptest123,test,user31,testuser1@gmail.com,1234567920,"SR Nagar, Hyderabad","Madhapur, Hyderabad",Hyderabad,TG,560073,India
Jptest32,Jptest123,Jptest123,test,user32,testuser1@gmail.com,1234567921,"SR Nagar, Hyderabad","Madhapur, Hyderabad",Hyderabad,TG,560074,India
Jptest33,Jptest123,Jptest123,test,user33,testuser1@gmail.com,1234567922,"SR Nagar, Hyderabad","Madhapur, Hyderabad",Hyderabad,TG,560075,India
Jptest34,Jptest123,Jptest123,test,user34,testuser1@gmail.com,1234567923,"SR Nagar, Hyderabad","Madhapur, Hyderabad",Hyderabad,TG,560076,India
Jptest35,Jptest123,Jptest123,test,user35,testuser1@gmail.com,1234567924,"SR Nagar, Hyderabad","Madhapur, Hyderabad",Hyderabad,TG,560077,India
Jptest36,Jptest123,Jptest123,test,user36,testuser1@gmail.com,1234567925,"SR Nagar, Hyderabad","Madhapur, Hyderabad",Hyderabad,TG,560078,India
Jptest37,Jptest123,Jptest123,test,user37,testuser1@gmail.com,1234567926,"SR Nagar, Hyderabad","Madhapur, Hyderabad",Hyderabad,TG,560079,India
Jptest38,Jptest123,Jptest123,test,user38,testuser1@gmail.com,1234567927,"SR Nagar, Hyderabad","Madhapur, Hyderabad",Hyderabad,TG,560080,India
Jptest39,Jptest123,Jptest123,test,user39,testuser1@gmail.com,1234567928,"SR Nagar, Hyderabad","Madhapur, Hyderabad",Hyderabad,TG,560081,India
Jptest40,Jptest123,Jptest123,test,user40,testuser1@gmail.com,1234567929,"SR Nagar, Hyderabad","Madhapur, Hyderabad",Hyderabad,TG,560082,India
Jptest41,Jptest123,Jptest123,test,user41,testuser1@gmail.com,1234567930,"SR Nagar, Hyderabad","Madhapur, Hyderabad",Hyderabad,TG,560083,India
Jptest42,Jptest123,Jptest123,test,user42,testuser1@gmail.com,1234567931,"SR Nagar, Hyderabad","Madhapur, Hyderabad",Hyderabad,TG,560084,India
Jptest43,Jptest123,Jptest123,test,user43,testuser1@gmail.com,1234567932,"SR Nagar, Hyderabad","Madhapur, Hyderabad",Hyderabad,TG,560085,India
Jptest44,Jptest123,Jptest123,test,user44,testuser1@gmail.com,1234567933,"SR Nagar, Hyderabad","Madhapur, Hyderabad",Hyderabad,TG,560086,India
Jptest45,Jptest123,Jptest123,test,user45,testuser1@gmail.com,1234567934,"SR Nagar, Hyderabad","Madhapur, Hyderabad",Hyderabad,TG,560087,India
Jptest46,Jptest123,Jptest123,test,user46,testuser1@gmail.com,1234567935,"SR Nagar, Hyderabad","Madhapur, Hyderabad",Hyderabad,TG,560088,India
Jptest47,Jptest123,Jptest123,test,user47,testuser1@gmail.com,1234567936,"SR Nagar, Hyderabad","Madhapur, Hyderabad",Hyderabad,TG,560089,India
Jptest48,Jptest123,Jptest123,test,user48,testuser1@gmail.com,1234567937,"SR Nagar, Hyderabad","Madhapur, Hyderabad",Hyderabad,TG,560090,India
Jptest49,Jptest123,Jptest123,test,user49,testuser1@gmail.com,1234567938,"SR Nagar, Hyderabad","Madhapur, Hyderabad",Hyderabad,TG,560091,India
Jptest50,Jptest123,Jptest123,test,user50,testuser1@gmail.com,1234567939,"SR Nagar, Hyderabad","Madhapur, Hyderabad",Hyderabad,TG,560092,India
Jptest51,Jptest123,Jptest123,test,user51,testuser1@gmail.com,1234567940,"SR Nagar, Hyderabad","Madhapur, Hyderabad",Hyderabad,TG,560093,India
Jptest52,Jptest123,Jptest123,test,user52,testuser1@gmail.com,1234567941,"SR Nagar, Hyderabad","Madhapur, Hyderabad",Hyderabad,TG,560094,India
Jptest53,Jptest123,Jptest123,test,user53,testuser1@gmail.com,1234567942,"SR Nagar, Hyderabad","Madhapur, Hyderabad",Hyderabad,TG,560095,India
Jptest54,Jptest123,Jptest123,test,user54,testuser1@gmail.com,1234567943,"SR Nagar, Hyderabad","Madhapur, Hyderabad",Hyderabad,TG,560096,India
Jptest55,Jptest123,Jptest123,test,user55,testuser1@gmail.com,1234567944,"SR Nagar, Hyderabad","Madhapur, Hyderabad",Hyderabad,TG,560097,India
Jptest56,Jptest123,Jptest123,test,user56,testuser1@gmail.com,1234567945,"SR Nagar, Hyderabad","Madhapur, Hyderabad",Hyderabad,TG,560098,India
Jptest57,Jptest123,Jptest123,test,user57,testuser1@gmail.com,1234567946,"SR Nagar, Hyderabad","Madhapur, Hyderabad",Hyderabad,TG,560099,India
Jptest58,Jptest123,Jptest123,test,user58,testuser1@gmail.com,1234567947,"SR Nagar, Hyderabad","Madhapur, Hyderabad",Hyderabad,TG,560100,India
Jptest59,Jptest123,Jptest123,test,user59,testuser1@gmail.com,1234567948,"SR Nagar, Hyderabad","Madhapur, Hyderabad",Hyderabad,TG,560101,India
Jptest60,Jptest123,Jptest123,test,user60,testuser1@gmail.com,1234567949,"SR Nagar, Hyderabad","Madhapur, Hyderabad",Hyderabad,TG,560102,India
Jptest61,Jptest123,Jptest123,test,user61,testuser1@gmail.com,1234567950,"SR Nagar, Hyderabad","Madhapur, Hyderabad",Hyderabad,TG,560103,India
Jptest62,Jptest123,Jptest123,test,user62,testuser1@gmail.com,1234567951,"SR Nagar, Hyderabad","Madhapur, Hyderabad",Hyderabad,TG,560104,India
Jptest63,Jptest123,Jptest123,test,user63,testuser1@gmail.com,1234567952,"SR Nagar, Hyderabad","Madhapur, Hyderabad",Hyderabad,TG,560105,India
Jptest64,Jptest123,Jptest123,test,user64,testuser1@gmail.com,1234567953,"SR Nagar, Hyderabad","Madhapur, Hyderabad",Hyderabad,TG,560106,India
Jptest65,Jptest123,Jptest123,test,user65,testuser1@gmail.com,1234567954,"SR Nagar, Hyderabad","Madhapur, Hyderabad",Hyderabad,TG,560107,India
Jptest66,Jptest123,Jptest123,test,user66,testuser1@gmail.com,1234567955,"SR Nagar, Hyderabad","Madhapur, Hyderabad",Hyderabad,TG,560108,India
Jptest67,Jptest123,Jptest123,test,user67,testuser1@gmail.com,1234567956,"SR Nagar, Hyderabad","Madhapur, Hyderabad",Hyderabad,TG,560109,India
Jptest68,Jptest123,Jptest123,test,user68,testuser1@gmail.com,1234567957,"SR Nagar, Hyderabad","Madhapur, Hyderabad",Hyderabad,TG,560110,India
Jptest69,Jptest123,Jptest123,test,user69,testuser1@gmail.com,1234567958,"SR Nagar, Hyderabad","Madhapur, Hyderabad",Hyderabad,TG,560111,India
Jptest70,Jptest123,Jptest123,test,user70,testuser1@gmail.com,1234567959,"SR Nagar, Hyderabad","Madhapur, Hyderabad",Hyderabad,TG,560112,India
Jptest71,Jptest123,Jptest123,test,user71,testuser1@gmail.com,1234567960,"SR Nagar, Hyderabad","Madhapur, Hyderabad",Hyderabad,TG,560113,India
Jptest72,Jptest123,Jptest123,test,user72,testuser1@gmail.com,1234567961,"SR Nagar, Hyderabad","Madhapur, Hyderabad",Hyderabad,TG,560114,India
Jptest73,Jptest123,Jptest123,test,user73,testuser1@gmail.com,1234567962,"SR Nagar, Hyderabad","Madhapur, Hyderabad",Hyderabad,TG,560115,India
Jptest74,Jptest123,Jptest123,test,user74,testuser1@gmail.com,1234567963,"SR Nagar, Hyderabad","Madhapur, Hyderabad",Hyderabad,TG,560116,India
Jptest75,Jptest123,Jptest123,test,user75,testuser1@gmail.com,1234567964,"SR Nagar, Hyderabad","Madhapur, Hyderabad",Hyderabad,TG,560117,India
Jptest76,Jptest123,Jptest123,test,user76,testuser1@gmail.com,1234567965,"SR Nagar, Hyderabad","Madhapur, Hyderabad",Hyderabad,TG,560118,India
Jptest77,Jptest123,Jptest123,test,user77,testuser1@gmail.com,1234567966,"SR Nagar, Hyderabad","Madhapur, Hyderabad",Hyderabad,TG,560119,India
Jptest78,Jptest123,Jptest123,test,user78,testuser1@gmail.com,1234567967,"SR Nagar, Hyderabad","Madhapur, Hyderabad",Hyderabad,TG,560120,India
Jptest79,Jptest123,Jptest123,test,user79,testuser1@gmail.com,1234567968,"SR Nagar, Hyderabad","Madhapur, Hyderabad",Hyderabad,TG,560121,India
Jptest80,Jptest123,Jptest123,test,user80,testuser1@gmail.com,1234567969,"SR Nagar, Hyderabad","Madhapur, Hyderabad",Hyderabad,TG,560122,India
Jptest81,Jptest123,Jptest123,test,user81,testuser1@gmail.com,1234567970,"SR Nagar, Hyderabad","Madhapur, Hyderabad",Hyderabad,TG,560123,India
Jptest82,Jptest123,Jptest123,test,user82,testuser1@gmail.com,1234567971,"SR Nagar, Hyderabad","Madhapur, Hyderabad",Hyderabad,TG,560124,India
Jptest83,Jptest123,Jptest123,test,user83,testuser1@gmail.com,1234567972,"SR Nagar, Hyderabad","Madhapur, Hyderabad",Hyderabad,TG,560125,India
Jptest84,Jptest123,Jptest123,test,user84,testuser1@gmail.com,1234567973,"SR Nagar, Hyderabad","Madhapur, Hyderabad",Hyderabad,TG,560126,India
Jptest85,Jptest123,Jptest123,test,user85,testuser1@gmail.com,1234567974,"SR Nagar, Hyderabad","Madhapur, Hyderabad",Hyderabad,TG,560127,India
Jptest86,Jptest123,Jptest123,test,user86,testuser1@gmail.com,1234567975,"SR Nagar, Hyderabad","Madhapur, Hyderabad",Hyderabad,TG,560128,India
Jptest87,Jptest123,Jptest123,test,user87,testuser1@gmail.com,1234567976,"SR Nagar, Hyderabad","Madhapur, Hyderabad",Hyderabad,TG,560129,India
Jptest88,Jptest123,Jptest123,test,user88,testuser1@gmail.com,1234567977,"SR Nagar, Hyderabad","Madhapur, Hyderabad",Hyderabad,TG,560130,India
Jptest89,Jptest123,Jptest123,test,user89,testuser1@gmail.com,1234567978,"SR Nagar, Hyderabad","Madhapur, Hyderabad",Hyderabad,TG,560131,India
Jptest90,Jptest123,Jptest123,test,user90,testuser1@gmail.com,1234567979,"SR Nagar, Hyderabad","Madhapur, Hyderabad",Hyderabad,TG,560132,India
Jptest91,Jptest123,Jptest123,test,user91,testuser1@gmail.com,1234567980,"SR Nagar, Hyderabad","Madhapur, Hyderabad",Hyderabad,TG,560133,India
Jptest92,Jptest123,Jptest123,test,user92,testuser1@gmail.com,1234567981,"SR Nagar, Hyderabad","Madhapur, Hyderabad",Hyderabad,TG,560134,India
Jptest93,Jptest123,Jptest123,test,user93,testuser1@gmail.com,1234567982,"SR Nagar, Hyderabad","Madhapur, Hyderabad",Hyderabad,TG,560135,India
Jptest94,Jptest123,Jptest123,test,user94,testuser1@gmail.com,1234567983,"SR Nagar, Hyderabad","Madhapur, Hyderabad",Hyderabad,TG,560136,India
Jptest95,Jptest123,Jptest123,test,user95,testuser1@gmail.com,1234567984,"SR Nagar, Hyderabad","Madhapur, Hyderabad",Hyderabad,TG,560137,India
Jptest96,Jptest123,Jptest123,test,user96,testuser1@gmail.com,1234567985,"SR Nagar, Hyderabad","Madhapur, Hyderabad",Hyderabad,TG,560138,India
Jptest97,Jptest123,Jptest123,test,user97,testuser1@gmail.com,1234567986,"SR Nagar, Hyderabad","Madhapur, Hyderabad",Hyderabad,TG,560139,India
Jptest98,Jptest123,Jptest123,test,user98,testuser1@gmail.com,1234567987,"SR Nagar, Hyderabad","Madhapur, Hyderabad",Hyderabad,TG,560140,India
Jptest99,Jptest123,Jptest123,test,user99,testuser1@gmail.com,1234567988,"SR Nagar, Hyderabad","Madhapur, Hyderabad",Hyderabad,TG,560141,India
Jptest100,Jptest123,Jptest123,test,user100,testuser1@gmail.com,1234567989,"SR Nagar, Hyderabad","Madhapur, Hyderabad",Hyderabad,TG,560142,India
Jptest101,Jptest123,Jptest123,test,user101,testuser1@gmail.com,1234567990,"SR Nagar, Hyderabad","Madhapur, Hyderabad",Hyderabad,TG,560143,India
Jptest102,Jptest123,Jptest123,test,user102,testuser1@gmail.com,1234567991,"SR Nagar, Hyderabad","Madhapur, Hyderabad",Hyderabad,TG,560144,India
Jptest103,Jptest123,Jptest123,test,user103,testuser1@gmail.com,1234567992,"SR Nagar, Hyderabad","Madhapur, Hyderabad",Hyderabad,TG,560145,India
Jptest104,Jptest123,Jptest123,test,user104,testuser1@gmail.com,1234567993,"SR Nagar, Hyderabad","Madhapur, Hyderabad",Hyderabad,TG,560146,India
Jptest105,Jptest123,Jptest123,test,user105,testuser1@gmail.com,1234567994,"SR Nagar, Hyderabad","Madhapur, Hyderabad",Hyderabad,TG,560147,India
Jptest106,Jptest123,Jptest123,test,user106,testuser1@gmail.com,1234567995,"SR Nagar, Hyderabad","Madhapur, Hyderabad",Hyderabad,TG,560148,India
Jptest107,Jptest123,Jptest123,test,user107,testuser1@gmail.com,1234567996,"SR Nagar, Hyderabad","Madhapur, Hyderabad",Hyderabad,TG,560149,India
Jptest108,Jptest123,Jptest123,test,user108,testuser1@gmail.com,1234567997,"SR Nagar, Hyderabad","Madhapur, Hyderabad",Hyderabad,TG,560150,India
Jptest109,Jptest123,Jptest123,test,user109,testuser1@gmail.com,1234567998,"SR Nagar, Hyderabad","Madhapur, Hyderabad",Hyderabad,TG,560151,India
Jptest110,Jptest123,Jptest123,test,user110,testuser1@gmail.com,1234567999,"SR Nagar, Hyderabad","Madhapur, Hyderabad",Hyderabad,TG,560152,India
Jptest111,Jptest123,Jptest123,test,user111,testuser1@gmail.com,1234568000,"SR Nagar, Hyderabad","Madhapur, Hyderabad",Hyderabad,TG,560153,India
Jptest112,Jptest123,Jptest123,test,user112,testuser1@gmail.com,1234568001,"SR Nagar, Hyderabad","Madhapur, Hyderabad",Hyderabad,TG,560154,India
Jptest113,Jptest123,Jptest123,test,user113,testuser1@gmail.com,1234568002,"SR Nagar, Hyderabad","Madhapur, Hyderabad",Hyderabad,TG,560155,India
Jptest114,Jptest123,Jptest123,test,user114,testuser1@gmail.com,1234568003,"SR Nagar, Hyderabad","Madhapur, Hyderabad",Hyderabad,TG,560156,India
Jptest115,Jptest123,Jptest123,test,user115,testuser1@gmail.com,1234568004,"SR Nagar, Hyderabad","Madhapur, Hyderabad",Hyderabad,TG,560157,India
Jptest116,Jptest123,Jptest123,test,user116,testuser1@gmail.com,1234568005,"SR Nagar, Hyderabad","Madhapur, Hyderabad",Hyderabad,TG,560158,India
Jptest117,Jptest123,Jptest123,test,user117,testuser1@gmail.com,1234568006,"SR Nagar, Hyderabad","Madhapur, Hyderabad",Hyderabad,TG,560159,India
Jptest118,Jptest123,Jptest123,test,user118,testuser1@gmail.com,1234568007,"SR Nagar, Hyderabad","Madhapur, Hyderabad",Hyderabad,TG,560160,India
Jptest119,Jptest123,Jptest123,test,user119,testuser1@gmail.com,1234568008,"SR Nagar, Hyderabad","Madhapur, Hyderabad",Hyderabad,TG,560161,India
Jptest120,Jptest123,Jptest123,test,user120,testuser1@gmail.com,1234568009,"SR Nagar, Hyderabad","Madhapur, Hyderabad",Hyderabad,TG,560162,India
Jptest121,Jptest123,Jptest123,test,user121,testuser1@gmail.com,1234568010,"SR Nagar, Hyderabad","Madhapur, Hyderabad",Hyderabad,TG,560163,India
Jptest122,Jptest123,Jptest123,test,user122,testuser1@gmail.com,1234568011,"SR Nagar, Hyderabad","Madhapur, Hyderabad",Hyderabad,TG,560164,India
Jptest123,Jptest123,Jptest123,test,user123,testuser1@gmail.com,1234568012,"SR Nagar, Hyderabad","Madhapur, Hyderabad",Hyderabad,TG,560165,India
Jptest124,Jptest123,Jptest123,test,user124,testuser1@gmail.com,1234568013,"SR Nagar, Hyderabad","Madhapur, Hyderabad",Hyderabad,TG,560166,India
Jptest125,Jptest123,Jptest123,test,user125,testuser1@gmail.com,1234568014,"SR Nagar, Hyderabad","Madhapur, Hyderabad",Hyderabad,TG,560167,India
Jptest126,Jptest123,Jptest123,test,user126,testuser1@gmail.com,1234568015,"SR Nagar, Hyderabad","Madhapur, Hyderabad",Hyderabad,TG,560168,India
Jptest127,Jptest123,Jptest123,test,user127,testuser1@gmail.com,1234568016,"SR Nagar, Hyderabad","Madhapur, Hyderabad",Hyderabad,TG,560169,India
Jptest128,Jptest123,Jptest123,test,user128,testuser1@gmail.com,1234568017,"SR Nagar, Hyderabad","Madhapur, Hyderabad",Hyderabad,TG,560170,India
Jptest129,Jptest123,Jptest123,test,user129,testuser1@gmail.com,1234568018,"SR Nagar, Hyderabad","Madhapur, Hyderabad",Hyderabad,TG,560171,India
Jptest130,Jptest123,Jptest123,test,user130,testuser1@gmail.com,1234568019,"SR Nagar, Hyderabad","Madhapur, Hyderabad",Hyderabad,TG,560172,India
Jptest131,Jptest123,Jptest123,test,user131,testuser1@gmail.com,1234568020,"SR Nagar, Hyderabad","Madhapur, Hyderabad",Hyderabad,TG,560173,India
Jptest132,Jptest123,Jptest123,test,user132,testuser1@gmail.com,1234568021,"SR Nagar, Hyderabad","Madhapur, Hyderabad",Hyderabad,TG,560174,India
Jptest133,Jptest123,Jptest123,test,user133,testuser1@gmail.com,1234568022,"SR Nagar, Hyderabad","Madhapur, Hyderabad",Hyderabad,TG,560175,India
Jptest134,Jptest123,Jptest123,test,user134,testuser1@gmail.com,1234568023,"SR Nagar, Hyderabad","Madhapur, Hyderabad",Hyderabad,TG,560176,India
Jptest135,Jptest123,Jptest123,test,user135,testuser1@gmail.com,1234568024,"SR Nagar, Hyderabad","Madhapur, Hyderabad",Hyderabad,TG,560177,India
Jptest136,Jptest123,Jptest123,test,user136,testuser1@gmail.com,1234568025,"SR Nagar, Hyderabad","Madhapur, Hyderabad",Hyderabad,TG,560178,India
Jptest137,Jptest123,Jptest123,test,user137,testuser1@gmail.com,1234568026,"SR Nagar, Hyderabad","Madhapur, Hyderabad",Hyderabad,TG,560179,India
Jptest138,Jptest123,Jptest123,test,user138,testuser1@gmail.com,1234568027,"SR Nagar, Hyderabad","Madhapur, Hyderabad",Hyderabad,TG,560180,India
Jptest139,Jptest123,Jptest123,test,user139,testuser1@gmail.com,1234568028,"SR Nagar, Hyderabad","Madhapur, Hyderabad",Hyderabad,TG,560181,India
Jptest140,Jptest123,Jptest123,test,user140,testuser1@gmail.com,1234568029,"SR Nagar, Hyderabad","Madhapur, Hyderabad",Hyderabad,TG,560182,India
Jptest141,Jptest123,Jptest123,test,user141,testuser1@gmail.com,1234568030,"SR Nagar, Hyderabad","Madhapur, Hyderabad",Hyderabad,TG,560183,India
